Id,Start time,Completion time,Email,Name,"When working on a specific account, where do you struggle most to find or access important information?","Additional comments or elaboration ( on previous answer)
","When planning the next steps in a deal, where do you face the most friction?","Additional comments or elaboration (on previous answer)
",What would make AI-generated milestones actually useful in your workflow?,"Additional comments or elaboration ( on previous answer)
1",What types of information should the assistant prioritize when presenting deal context?,"Additional comments or elaboration ( on previous answer)
2",What would make a handoff/collaboration between SEs or teams truly actionable and seamless?,"Additional comments or elaboration ( on previous answer)
3",In which scenarios would you realistically use this assistant?,"Additional comments or elaboration ( on previous answer)
4",How do you prefer to interact with an AI assistant during your workflow?,"Additional comments or elaboration ( on previous answer)
5",How should the assistant present insights and recommendations to be most useful?,"Additional comments or elaboration ( on previous answer)
6",Where should this assistant be integrated to best fit your workflow?,"Additional comments or elaboration ( on previous answer)
7",How should you primarily interact with the assistant?,"Additional comments or elaboration ( on previous answer)
8",Would it be valuable to receive proactive notifications from the assistant?,"Additional comments or elaboration ( on previous answer)
9",Are there any additional insights you’d like to share about when you find it difficult to maintain visibility on an account (during onboarding or while actively working on it)?
1,7/2/2026 8:47,7/2/2026 8:48,t-amandatran@microsoft.com,Amanda Tran,Inconsistent or unclear milestone descriptions;Spread across different people’s knowledge;,,"Translating customer priorities into concrete, actionable steps;Understanding dependencies and risks that could block progress;",,"Clearly grounded in the current deal context (customer, history, constraints);Explains why each milestone is being suggested;",,"What has already been completed (milestones, actions, outcomes);Key risks or blockers that could impact progress;",,Clear summary of what has been achieved;What remains unclear or risky;,,All of the above;,,Other;,,"Evidence-linked insights (references to source data, notes, history);Expandable details (high-level first, drill down if needed);",,Desktop application;,,Ask questions in a chat (natural conversation);,,"Yes, only for important events (e.g., blocked deal, approvals needed);",,N/A
2,7/2/2026 9:02,7/2/2026 9:07,medohert@microsoft.com,Megan Doherty,"Across multiple tools (CRM, Teams, notes, emails);Spread across different people’s knowledge;Inconsistent or unclear milestone descriptions;Lack of structured summaries;Missing history of decisions;All of the above;",,"Adapting milestones when the deal changes (new info, stakeholders, priorities);",,"Clearly grounded in the current deal context (customer, history, constraints);Accounts for real constraints (timeline, stakeholders, dependencies);",,All of the above;,,All of the above;,,All of the above;,,"Mixed experience (chat + structured UI depending on task);Dashboard view (data, summaries, status at a glance);Quick chat (ask questions, get answers instantly);",,"Structured sections (clear breakdown: context, risks, next steps);Visual indicators (status, risk levels, priorities);Evidence-linked insights (references to source data, notes, history);Expandable details (high-level first, drill down if needed);",,"Dedicated web application;MSX is a hellscape, I'd prefer to keep it separate!;",,A combination of both ;,,"Yes, for recommendations (next steps, milestones);Yes, only for important events (e.g., blocked deal, approvals needed);",,You got this!!!
3,7/2/2026 9:29,7/2/2026 9:44,nselvaggio@microsoft.com,Nick Selvaggio,All of the above;Many different reports that need to be reviewed to pull relevant metrics/usage/revenue information;,,Understanding dependencies and risks that could block progress;Understanding which resources/teams to bring in given the deal phase;,,All of the above;,,All of the above;,,All of the above;,,All of the above;Prioritizing accounts and opportunities;,,"Quick chat (ask questions, get answers instantly);Dashboard view (data, summaries, status at a glance);Mixed experience (chat + structured UI depending on task);MCP extension for use in custom Agent flows;",,"Structured sections (clear breakdown: context, risks, next steps);Expandable details (high-level first, drill down if needed);Evidence-linked insights (references to source data, notes, history);Visual indicators (status, risk levels, priorities);",,"Microsoft 365 Copilot (central AI workspace);Power App, MCP server;",,A combination of both ;,,"Yes, in Microsoft Teams (e.g., updates, risks, reminders);",,
4,7/2/2026 10:13,7/2/2026 10:16,moetazzaidi@microsoft.com,Moetaz Zaidi,Missing history of decisions;Spread across different people’s knowledge;,,"Understanding dependencies and risks that could block progress;Adapting milestones when the deal changes (new info, stakeholders, priorities);",,Explains why each milestone is being suggested;Prioritizes what matters most right now;,,"Customer business problem and priorities;Current deal stage and momentum (where the deal stands now);What has already been completed (milestones, actions, outcomes);Key risks or blockers that could impact progress;",,What remains unclear or risky;Recommended next steps;Key stakeholders and expectations;What should NOT be reworked;,,During collaboration or handoffs across teams;Planning next steps or milestones;Reviewing deal progress or risks;,,"Quick chat (ask questions, get answers instantly);Guided interface (step-by-step flow or prompts);Dashboard view (data, summaries, status at a glance);",,"Concise summary (short, to the point);Visual indicators (status, risk levels, priorities);Expandable details (high-level first, drill down if needed);",,Microsoft Teams (chat or channel assistant);Microsoft 365 Copilot (central AI workspace);,,Ask questions in a chat (natural conversation);,,"Yes, in Microsoft Teams (e.g., updates, risks, reminders);",,
5,7/2/2026 11:18,7/2/2026 11:20,jabero@microsoft.com,Jason Bero,"Across multiple tools (CRM, Teams, notes, emails);Spread across different people’s knowledge;",,"Deciding the right next milestone given the current deal context;Translating customer priorities into concrete, actionable steps;Adapting milestones when the deal changes (new info, stakeholders, priorities);",,"Clearly grounded in the current deal context (customer, history, constraints);Explains why each milestone is being suggested;Accounts for real constraints (timeline, stakeholders, dependencies);",,Customer business problem and priorities;Current deal stage and momentum (where the deal stands now);Key risks or blockers that could impact progress;Actionable next steps;,,Clear summary of what has been achieved;What remains unclear or risky;Recommended next steps;Key stakeholders and expectations;,,During collaboration or handoffs across teams;Reviewing deal progress or risks;Planning next steps or milestones;,,"Guided interface (step-by-step flow or prompts);Dashboard view (data, summaries, status at a glance);Quick chat (ask questions, get answers instantly);",,"Structured sections (clear breakdown: context, risks, next steps);Visual indicators (status, risk levels, priorities);Evidence-linked insights (references to source data, notes, history);Expandable details (high-level first, drill down if needed);",,Microsoft 365 Copilot (central AI workspace);Microsoft Teams (chat or channel assistant);,,A combination of both ;,,"Yes, for recommendations (next steps, milestones);Yes, only for important events (e.g., blocked deal, approvals needed);Yes, in Microsoft Teams (e.g., updates, risks, reminders);",,
